train_loss_bin,gap_loss_mean,gap_loss_std,gap_loss_count,pl_mean,pl_std,pl_count,ge_mean,ge_std,ge_count,test_loss_mean,test_loss_std,test_loss_count,train_loss_mean,train_loss_std,train_loss_count
"(0.0816, 0.0834]",-0.013527851668186486,0.0005067254681097801,2,8.47411321696749,0.6003553361120951,2,0.03721478314060827,0.003107001729780398,2,0.06949944805819541,6.254312437600781e-05,2,0.0830272997263819,0.0005692685924857879,2
"(0.0834, 0.0839]",-0.014040508773177862,,1,8.143894798968882,,1,0.03271044428573219,,1,0.0698296339251101,,1,0.08387014269828796,,1
"(0.0839, 0.0861]",-0.015426184516400099,,1,6.906192269553196,,1,0.0315005137645036,,1,0.07067338284105062,,1,0.08609956735745072,,1
"(0.0861, 0.0911]",-0.016075151041150093,,1,5.957513370687733,,1,0.03331316730630901,,1,0.0750109669752419,,1,0.09108611801639199,,1
"(0.0911, 0.109]",-0.01804358558729291,,1,4.542533171687199,,1,0.033933847180389644,,1,0.09103658935055137,,1,0.10908017493784428,,1
