feature,pearson,spearman
train_loss,-0.9332852497073243,-1.0
lambda,-0.965611943622731,-0.942857142857143
pl,0.9954068550269064,0.942857142857143
ge,0.3582898416150814,0.4285714285714286
